,chamber,congress,eventId,updateDate,url,committees,date,title,witnesses
7,House,113,102797,2024-05-17T15:47:43Z,https://api.congress.gov/v3/committee-meeting/113/house/102797?format=json,"[{'name': 'House Energy and Commerce Subcommittee on Health', 'systemCode': 'hsif14', 'url': 'https://api.congress.gov/v3/committee/house/hsif14?format=json'}]",2014-12-10T15:15:00Z,Examining FDA's Role in the Regulation of Genetically Modified Food Ingredients,none
12,House,113,102782,2024-05-17T15:47:36Z,https://api.congress.gov/v3/committee-meeting/113/house/102782?format=json,"[{'systemCode': 'hsii22', 'url': 'https://api.congress.gov/v3/committee/house/hsii22?format=json'}]",2014-12-04T15:00:00Z,"legislative hearing on:•	H.R. 3099 (Miller of FL), to provide for the development of a fishery management plan for the Gulf of Mexico red snapper, and for other purposes. “Gulf of Mexico Red Snapper Conservation Act of 2013”",none
24,House,113,102760,2024-05-17T15:47:05Z,https://api.congress.gov/v3/committee-meeting/113/house/102760?format=json,"[{'name': 'House Natural Resources', 'systemCode': 'hsii00', 'url': 'https://api.congress.gov/v3/committee/house/hsii00?format=json'}]",2014-11-19T15:00:00Z,"H.R. 1561, H.R. 1785, H.R. 4220, H.R. 4668, H.R. 4924, H.R. 4979, H.R. 5086, H.R. 5176 and H.R. 5699",none
36,House,113,102739,2024-05-17T15:46:45Z,https://api.congress.gov/v3/committee-meeting/113/house/102739?format=json,"[{'name': 'House Energy and Commerce Subcommittee on Oversight and Investigations', 'systemCode': 'hsif02', 'url': 'https://api.congress.gov/v3/committee/house/hsif02?format=json'}]",2014-11-18T18:00:00Z,Update on the U.S. Public Health Response to the Ebola Outbreak,none
42,House,113,102718,2024-05-17T15:46:27Z,https://api.congress.gov/v3/committee-meeting/113/house/102718?format=json,"[{'name': 'House Energy and Commerce Subcommittee on Oversight and Investigations', 'systemCode': 'hsif02', 'url': 'https://api.congress.gov/v3/committee/house/hsif02?format=json'}]",2014-10-16T16:00:00Z,Examining the U.S. Public Health Response to the Ebola Outbreak,none
46,House,113,102703,2024-05-17T15:46:08Z,https://api.congress.gov/v3/committee-meeting/113/house/102703?format=json,"[{'name': 'House Natural Resources', 'systemCode': 'hsii00', 'url': 'https://api.congress.gov/v3/committee/house/hsii00?format=json'}]",2014-09-18T15:00:00Z,"Full Committee Markup on H.R. 69, H.R. 706, H.R. 712, H.R. 1363, H.R. 1839, H.R. 3226, H.R. 3227, H.R. 3326, H.R. 3608, H.R. 3980, H.R. 3981, H.R. 4166, H.R. 4534, H.R. 4846, H.R. 5003, H.R. 5040, H.R. 5049, H.R. 5050, H.R. 5139, H.R. 5162, H.R. 5167, H.R. 5412, H.R. 5476, S. 363 and S. 609.",none
52,House,113,102689,2024-05-17T15:46:00Z,https://api.congress.gov/v3/committee-meeting/113/house/102689?format=json,"[{'systemCode': 'hsii13', 'url': 'https://api.congress.gov/v3/committee/house/hsii13?format=json'}]",2014-09-19T14:00:00Z,"Legislative Hearing: H.R. 4924 (Gosar), the “Bill Williams River Water Rights Settlement Act of 2014”",none
56,House,113,102683,2024-05-17T15:45:50Z,https://api.congress.gov/v3/committee-meeting/113/house/102683?format=json,"[{'name': 'House Energy and Commerce Subcommittee on Oversight and Investigations', 'systemCode': 'hsif02', 'url': 'https://api.congress.gov/v3/committee/house/hsif02?format=json'}]",2014-09-18T15:30:00Z,Suicide Prevention and Treatment: Helping Loved Ones in Mental Health Crisis,none
63,House,113,102665,2024-05-17T15:45:40Z,https://api.congress.gov/v3/committee-meeting/113/house/102665?format=json,"[{'name': 'House Natural Resources Subcommittee on Energy and Mineral Resources', 'systemCode': 'hsii06', 'url': 'https://api.congress.gov/v3/committee/house/hsii06?format=json'}]",2014-09-17T18:00:00Z,"Legislative hearing on:
• H.R. 5066 (Benishek), To reauthorize the National Geological and Geophysical Data Preservation Program Act of 2005 through 2019.  “Data Preservation Act of 2014.”
• H.R. 5176 (Lujan), To authorize the Secretary of the Interior to retire coal preference right lease applications for which the Secretary has made an affirmative commercial quantities determination, and for other purposes.",none
64,House,113,102664,2024-05-17T15:45:38Z,https://api.congress.gov/v3/committee-meeting/113/house/102664?format=json,"[{'name': 'House Natural Resources', 'systemCode': 'hsii00', 'url': 'https://api.congress.gov/v3/committee/house/hsii00?format=json'}]",2014-09-11T13:45:00Z,Oversight hearing titled “Oversight of the Office of Inspector General and its Ongoing Failure to Comply with a Subpoena for Documents about a Recent Investigation.”,none
66,House,113,102663,2024-05-17T15:45:36Z,https://api.congress.gov/v3/committee-meeting/113/house/102663?format=json,"[{'name': 'House Natural Resources', 'systemCode': 'hsii00', 'url': 'https://api.congress.gov/v3/committee/house/hsii00?format=json'}]",2014-09-10T14:00:00Z,"Oversight hearing titled “The Status of the Fish and Wildlife Service’s Responses to Committee Subpoenas and the Continued Lack of Transparency about Its Implementation and Enforcement of American Wildlife Laws, and Oversight of the Department of the Interior’s Solicitor’s Office.”",none
71,House,113,102647,2024-05-17T15:45:27Z,https://api.congress.gov/v3/committee-meeting/113/house/102647?format=json,"[{'name': 'House Energy and Commerce Subcommittee on Health', 'systemCode': 'hsif14', 'url': 'https://api.congress.gov/v3/committee/house/hsif14?format=json'}]",2014-09-11T14:00:00Z,"Examining H.R. ____, the Trafficking Awareness Training for Health Care Act of 2014",none
74,House,113,102644,2024-05-17T15:45:11Z,https://api.congress.gov/v3/committee-meeting/113/house/102644?format=json,"[{'systemCode': 'hsii24', 'url': 'https://api.congress.gov/v3/committee/house/hsii24?format=json'}]",2014-09-10T18:00:00Z,"Legislative hearing on: H.R. 1600 (Grijalva), To prescribe procedures for effective consultation and coordination by Federal agencies with federally recognized Indian tribes regarding Federal Government activities that impact tribal lands and interests to ensure that meaningful tribal input is an integral part of the Federal decisionmaking process. “Requirements, Expectations, and Standard Procedures for Executive Consultation with Tribes (RESPECT) Act”; and 
H.R. 4668 (Young of AK), To provide for the retention and future use of certain land on Point Spencer in Alaska, to support the statutory missions and duties of the Coast Guard, to convey certain land on Point Spencer to the Bering Straits Native Corporation, to convey certain land on Point Spencer to the State of Alaska, and for other purposes. “Point Spencer Coast Guard and Public-Private Sector Infrastructure Development Facilitation and Land Conveyance Act.”","[{'name': 'Mr. Michael Black', 'organization': 'U.S. Department of the Interior', 'position': 'Director of the Bureau of Indian Affairs'}, {'name': 'Ms. Gail Schubert', 'organization': 'Bering Straits Native Corporation', 'position': 'President & CEO'}, {'name': 'Mr. Kip Knudson', 'organization': 'Office of Governor Sean Parnell State of Alaska', 'position': 'Director of State/Federal Relations'}, {'name': 'Mr. Michael Anderson', 'organization': 'Anderson Indian Law', 'position': 'Owner'}]"
78,House,113,102640,2024-05-17T15:45:00Z,https://api.congress.gov/v3/committee-meeting/113/house/102640?format=json,"[{'name': 'House Natural Resources', 'systemCode': 'hsii00', 'url': 'https://api.congress.gov/v3/committee/house/hsii00?format=json'}]",2014-09-09T14:00:00Z,"Legislative Hearing: •	H.R. 1314 (Flores), To amend the Endangered Species Act of 1973 to establish a procedure for approval of certain settlements; 
•	H.R. 1927 (Costa), “More Water and Security for Californians Act;”
•	H.R. 4256 (Stewart), “Endangered Species Improvement Act of 2014;”
•	H.R. 4284 (Neugebauer), “ESA Improvement Act of 2014;”
•	H.R. 4319 (Crawford), “Common Sense in Species Protection Act of 2014;” and
•	H.R. 4866 (Mullin), “Lesser Prairie Chicken Voluntary Recovery Act of 2014.”",none
79,House,113,102639,2024-05-17T15:44:59Z,https://api.congress.gov/v3/committee-meeting/113/house/102639?format=json,"[{'systemCode': 'hsii13', 'url': 'https://api.congress.gov/v3/committee/house/hsii13?format=json'}]",2014-09-10T18:00:00Z,Legislative Hearing: •	H.R. 5412 (Hastings),none
82,House,113,102625,2024-05-17T15:44:46Z,https://api.congress.gov/v3/committee-meeting/113/house/102625?format=json,"[{'name': 'House Energy and Commerce Subcommittee on Health', 'systemCode': 'hsif14', 'url': 'https://api.congress.gov/v3/committee/house/hsif14?format=json'}]",2014-09-09T13:30:00Z,21st Century Cures: Examining the Regulation of Laboratory Developed Tests,none
97,House,113,102599,2024-05-17T15:44:14Z,https://api.congress.gov/v3/committee-meeting/113/house/102599?format=json,"[{'name': 'House Natural Resources', 'systemCode': 'hsii00', 'url': 'https://api.congress.gov/v3/committee/house/hsii00?format=json'}]",2014-07-30T14:00:00Z,"H.J.Res. 120, H.R. 361, H.R. 3006, H.R. 3109, H.R. 4119, H.R. 4182, H.R. 4867, H.R. 5026, H.R. 5069, H.R. 5203, H.R. 5204, H.R. 5205, S. 311, S. 354, S. 476, and S. 1603",none
99,House,113,102597,2024-05-17T15:44:05Z,https://api.congress.gov/v3/committee-meeting/113/house/102597?format=json,"[{'name': 'House Energy and Commerce', 'systemCode': 'hsif00', 'url': 'https://api.congress.gov/v3/committee/house/hsif00?format=json'}]",2014-07-29T20:00:00Z,Full Committee Markup,none
119,House,113,102556,2024-05-17T15:43:22Z,https://api.congress.gov/v3/committee-meeting/113/house/102556?format=json,"[{'systemCode': 'hsii10', 'url': 'https://api.congress.gov/v3/committee/house/hsii10?format=json'}]",2014-07-29T14:00:00Z,"Legislative Hearing: •	H.R. 445 (Dent), To authorize a National Heritage Area Program, and for other purposes.  “National Heritage Area Act of 2013”
•	H.R. 1785 (Reichert), To establish the Mountains to Sound Greenway National Heritage Area in the State of Washington, and for other purposes. “Mountains to Sound Greenway National Heritage Area Act”
•	H.R. 4119 (Johnson of GA), To direct the Secretary of the Interior to conduct a special resource study of the West Hunter Street Baptist Church in Atlanta, Georgia, and for other purposes. “West Hunter Street Baptist Church Study Act”
•	H.R. 4901 (Bishop), To maximize land management efficiencies, promote land conservation, generate education funding, and for other purposes. “Advancing Conservation and Education Act of 2014”
•	H.R. 4979 (Thornberry), To provide legal certainty to property owners along the Red River in Texas, and for other purposes. “Red River Private Property Protection Act”
•	H.R. 5086 (Fortenberry), To amend the National Trails System Act to direct the Secretary of the Interior to conduct a study on the feasibility of designating the Chief Standing Bear National Historic Trail, and for other purposes.
•	S. 311 (Landrieu), A bill to direct the Secretary of the Interior to study the suitability and feasibility of designating sites in the Lower Mississippi River Area in the State of Louisiana as a unit of the National Park System, and for other purposes. “Lower Mississippi River Area Study Act”
•	S. 476 (Cardin), A bill to amend the Chesapeake and Ohio Canal Development Act to extend to the Chesapeake and Ohio Canal National Historical Park Commission.
•	S. 609 (Udall of NM), A bill to authorize the Secretary of the Interior to convey certain Federal land in San Juan County, New Mexico, and for other purposes. “San Juan County Federal Land Conveyance Act”",none
123,House,113,102541,2024-05-17T15:43:02Z,https://api.congress.gov/v3/committee-meeting/113/house/102541?format=json,"[{'name': 'House Energy and Commerce Subcommittee on Communications and Technology', 'systemCode': 'hsif16', 'url': 'https://api.congress.gov/v3/committee/house/hsif16?format=json'}]",2014-07-24T14:15:00Z,"Legislative hearing on H.R. 3670, the Anti-Spoofing Act of 2013, H.R. __, the LPTV and Translator Act of 2014, and H.R. __, the E-LABEL Act",none
130,House,113,102523,2024-05-17T15:42:41Z,https://api.congress.gov/v3/committee-meeting/113/house/102523?format=json,"[{'systemCode': 'hsii22', 'url': 'https://api.congress.gov/v3/committee/house/hsii22?format=json'}]",2014-07-23T14:00:00Z,"legislative hearing on: H. R. 3109 (Young of AK), to assist Alaskan Native Handicrafts; H. R. 3409 (Fincher), To amend the National Wildlife Refuge System Administration Act of 1966 to require that any expansion of a national wildlife refuge must be expressly authorized by statute. “the National Wildlife Refuge Expansion Limitation Act”; H. R. 5026 (Gosar), To prohibit closing or repurposing any propagation fish hatchery or aquatic species propagation program of the Department of the Interior unless such action is expressly authorized by an Act of Congress, and for other purposes. “the Fish Hatchery Protection Act”; H. R. 5069 (Fleming), To amend the Migratory Bird Hunting and Conservation Stamp Act to increase in the price of Migratory Bird Hunting and Conservation Stamps to fund the acquisition of conservation easements for migratory birds, and for other purposes. “the Federal Duck Stamp Act”",none
133,House,113,102522,2024-05-17T15:42:36Z,https://api.congress.gov/v3/committee-meeting/113/house/102522?format=json,"[{'name': 'House Natural Resources', 'systemCode': 'hsii00', 'url': 'https://api.congress.gov/v3/committee/house/hsii00?format=json'}]",2014-07-16T14:00:00Z,"H.R. 277, H.R. 916, H.R. 1810, H.R. 2158, H.R. 3572, H.R. 3806, and H.R. 4751",none
135,House,113,102518,2024-05-17T15:42:30Z,https://api.congress.gov/v3/committee-meeting/113/house/102518?format=json,"[{'name': 'House Natural Resources Subcommittee on Energy and Mineral Resources', 'systemCode': 'hsii06', 'url': 'https://api.congress.gov/v3/committee/house/hsii06?format=json'}]",2014-07-23T18:00:00Z,Oversight hearing titled “American Metals and Mineral Security:  An examination of the domestic critical minerals supply and demand chain.”,none
166,House,113,102454,2024-05-17T15:41:35Z,https://api.congress.gov/v3/committee-meeting/113/house/102454?format=json,"[{'systemCode': 'hsii10', 'url': 'https://api.congress.gov/v3/committee/house/hsii10?format=json'}]",2014-07-09T14:00:00Z,"Legislative Hearing: H.R. 3994 (Bishop), To improve the control and management of invasive species that threaten and harm Federal lands under the jurisdiction of the Secretary of Agriculture and the Secretary of the Interior, and for other purposes. “Federal Lands Invasive Species Control, Prevention, and Management Act”; H.R. 4751 (Kilmer), To make technical corrections to Public Law 110-229 to reflect the renaming of the Bainbridge Island Japanese American Exclusion Memorial, and for other purposes.",none
187,House,113,102412,2024-05-17T15:40:58Z,https://api.congress.gov/v3/committee-meeting/113/house/102412?format=json,"[{'name': 'House Energy and Commerce Subcommittee on Oversight and Investigations', 'systemCode': 'hsif02', 'url': 'https://api.congress.gov/v3/committee/house/hsif02?format=json'}]",2014-06-25T14:00:00Z,"Medicare Program Integrity: Screening Out Errors, Fraud, and Abuse.",none
190,House,113,102399,2024-05-17T15:40:44Z,https://api.congress.gov/v3/committee-meeting/113/house/102399?format=json,"[{'name': 'House Energy and Commerce Subcommittee on Health', 'systemCode': 'hsif14', 'url': 'https://api.congress.gov/v3/committee/house/hsif14?format=json'}]",2014-06-19T20:00:00Z,"Markup of H.R. 4771, Designer Anabolic Steroid Control Act; H.R. 4250, Sunscreen Innovation Act; H.R. 4701, Vector-Borne Disease Research Accountability and Transparency Act of 2014; H.R. 594, Paul D. Wellstone Muscular Dystrophy Community Assistance, Research and Education Amendments of 2014; H.R. 669, Sudden  Unexpected Death and Data Enhancement and Awareness Act; and, H.R. 4290, Wakefield Act of 2014",none
191,House,113,102397,2024-05-17T15:40:43Z,https://api.congress.gov/v3/committee-meeting/113/house/102397?format=json,"[{'systemCode': 'hsii13', 'url': 'https://api.congress.gov/v3/committee/house/hsii13?format=json'}]",2014-06-24T14:00:00Z,"Oversight Hearing: “New Federal Schemes to Soak Up Water Authority: Impacts on States, Water Users, Recreation, and Jobs”",none
192,House,113,102396,2024-05-17T15:40:42Z,https://api.congress.gov/v3/committee-meeting/113/house/102396?format=json,"[{'systemCode': 'hsii10', 'url': 'https://api.congress.gov/v3/committee/house/hsii10?format=json'}]",2014-06-25T18:00:00Z,Oversight Hearing: “Increasing Carbon Soil Sequestration on Public Lands.”,none
202,House,113,102376,2024-05-17T15:40:26Z,https://api.congress.gov/v3/committee-meeting/113/house/102376?format=json,"[{'name': 'House Natural Resources Subcommittee on Energy and Mineral Resources', 'systemCode': 'hsii06', 'url': 'https://api.congress.gov/v3/committee/house/hsii06?format=json'}]",2014-06-24T14:00:00Z,"Oversight hearing on ""American Energy Jobs: Opportunities for Education.”",none
217,House,113,102350,2024-05-17T15:40:03Z,https://api.congress.gov/v3/committee-meeting/113/house/102350?format=json,"[{'systemCode': 'hsii22', 'url': 'https://api.congress.gov/v3/committee/house/hsii22?format=json'}]",2014-06-24T18:00:00Z,"oversight hearing on, “the U.S. Fish and Wildlife Service’s Plan to Implement a Ban on the Commercial Trade in Elephant Ivory.”",none
225,House,113,102332,2024-05-17T15:39:23Z,https://api.congress.gov/v3/committee-meeting/113/house/102332?format=json,"[{'name': 'House Energy and Commerce Subcommittee on Health', 'systemCode': 'hsif14', 'url': 'https://api.congress.gov/v3/committee/house/hsif14?format=json'}]",2014-06-12T14:00:00Z,The President's Health Care Law Does Not Equal Health Care Access,none
227,House,113,102330,2024-05-17T15:39:12Z,https://api.congress.gov/v3/committee-meeting/113/house/102330?format=json,"[{'name': 'House Energy and Commerce', 'systemCode': 'hsif00', 'url': 'https://api.congress.gov/v3/committee/house/hsif00?format=json'}]",2014-06-09T20:00:00Z,"Markup of H.R. 4795, Promoting New Manufacturing Act; H.R. 4801, to require the Secretary of Energy to prepare a report on the impact of thermal insulation on both energy and water use for potable hot water; H.R. 4299, Improving Regulatory Transparency for New Medical Therapies Act; H.R. 4709, Ensuring Patient Access and Effective Drug Enforcement Act; and H.R. 4631, Combating Autism Reauthorization Act of 2014",none
232,House,113,102316,2024-05-17T15:38:59Z,https://api.congress.gov/v3/committee-meeting/113/house/102316?format=json,"[{'name': 'House Energy and Commerce Subcommittee on Health', 'systemCode': 'hsif14', 'url': 'https://api.congress.gov/v3/committee/house/hsif14?format=json'}]",2014-06-11T14:00:00Z,21st Century Cures: Examining the Role of Incentives in Advancing Treatments and Cures for Patients,none
238,House,113,102298,2024-05-17T15:38:44Z,https://api.congress.gov/v3/committee-meeting/113/house/102298?format=json,"[{'name': 'House Natural Resources Subcommittee on Energy and Mineral Resources', 'systemCode': 'hsii06', 'url': 'https://api.congress.gov/v3/committee/house/hsii06?format=json'}]",2014-06-10T14:00:00Z,Oversight hearing titled “Whole Lotta Shakin’: An Examination of America’s Earthquake Early Warning System Development and Implementation.”,none
239,House,113,102297,2024-05-17T15:38:27Z,https://api.congress.gov/v3/committee-meeting/113/house/102297?format=json,"[{'name': 'House Natural Resources', 'systemCode': 'hsii00', 'url': 'https://api.congress.gov/v3/committee/house/hsii00?format=json'}]",2014-05-29T14:00:00Z,"Full Committee 
Markup on H.R. 2175, H.R. 2569, H.R. 3606, H.R. 4296, H.R. 4350, and H.R. 4742",none
252,House,113,102272,2024-05-17T15:37:57Z,https://api.congress.gov/v3/committee-meeting/113/house/102272?format=json,"[{'name': 'House Natural Resources', 'systemCode': 'hsii00', 'url': 'https://api.congress.gov/v3/committee/house/hsii00?format=json'}]",2014-05-21T14:00:00Z,Full Committee Markup on H.R. 4402,none
255,House,113,102269,2024-05-17T15:37:53Z,https://api.congress.gov/v3/committee-meeting/113/house/102269?format=json,"[{'systemCode': 'hsii10', 'url': 'https://api.congress.gov/v3/committee/house/hsii10?format=json'}]",2014-05-20T13:30:00Z,"Legislative Hearing: H.R. 1776 (Farr), To establish the Clear Creek National Recreation Area in San Benito and Fresno Counties, to designate the Joaquin Rocks Wilderness in such counties, to designate additional components of the national wild and scenic rivers system, and for other purposes. “Clear Creek National Recreation Area and Conservation Act”; H.R. 2175 (Johnson, OH), To direct the Secretary of the Interior to install in the area of the World War II Memorial in the District of Columbia a suitable plaque or an inscription with the words that President Franklin D. Roosevelt prayed with the United States on June 6, 1944, the morning of D-Day. “World War II Memorial Prayer Act of 2013”;
H.R. 2489 (DeFazio), To modify the boundary of the Oregon Caves National Monument, and for other purposes. “Oregon Caves Revitalization Act of 2013”;
H.R. 3806 (Meadows), To authorize payment of funds in accordance with the agreement entered into by the Tennessee Valley Authority, the State of North Carolina, Swain County, North Carolina, and the United States Department of the Interior. “Great Smoky Mountains National Park Agreement Act of 2013”",none
256,House,113,102268,2024-05-17T15:37:52Z,https://api.congress.gov/v3/committee-meeting/113/house/102268?format=json,"[{'name': 'House Natural Resources', 'systemCode': 'hsii00', 'url': 'https://api.congress.gov/v3/committee/house/hsii00?format=json'}]",2014-05-14T14:00:00Z,Protecting the Rights of Property Owners: Proposed Federal Critical Habitat Designations Gone Wild,none
264,House,113,102250,2024-05-17T15:37:24Z,https://api.congress.gov/v3/committee-meeting/113/house/102250?format=json,"[{'name': 'House Energy and Commerce Subcommittee on Health', 'systemCode': 'hsif14', 'url': 'https://api.congress.gov/v3/committee/house/hsif14?format=json'}]",2014-05-21T14:15:00Z,Keeping the Promise: Site of Service Medicare Payment Reforms,none
270,House,113,102232,2024-05-17T15:37:16Z,https://api.congress.gov/v3/committee-meeting/113/house/102232?format=json,"[{'name': 'House Natural Resources Subcommittee on Energy and Mineral Resources', 'systemCode': 'hsii06', 'url': 'https://api.congress.gov/v3/committee/house/hsii06?format=json'}]",2014-05-20T14:30:00Z,Oversight hearing entitled “American Energy Jobs: Opportunities for American Manufacturing.”,none
271,House,113,102231,2024-05-17T15:37:15Z,https://api.congress.gov/v3/committee-meeting/113/house/102231?format=json,"[{'systemCode': 'hsii22', 'url': 'https://api.congress.gov/v3/committee/house/hsii22?format=json'}]",2014-05-20T18:00:00Z,oversight hearing on “Oil and Gas Activities within Our Nation’s National Wildlife Refuge System.”,none
289,House,113,102194,2024-05-17T15:36:34Z,https://api.congress.gov/v3/committee-meeting/113/house/102194?format=json,"[{'name': 'House Energy and Commerce Subcommittee on Oversight and Investigations', 'systemCode': 'hsif02', 'url': 'https://api.congress.gov/v3/committee/house/hsif02?format=json'}]",2014-05-07T14:15:00Z,PPACA Enrollment and the Insurance Industry,none
293,House,113,102191,2024-05-17T15:36:30Z,https://api.congress.gov/v3/committee-meeting/113/house/102191?format=json,"[{'systemCode': 'hsii13', 'url': 'https://api.congress.gov/v3/committee/house/hsii13?format=json'}]",2014-05-07T14:00:00Z,Keeping the Lights On and Reducing Catastrophic Forest Fire Risk: Proper Management of Electricity Rights of Way on Federal Lands,none
294,House,113,102188,2024-05-17T15:36:25Z,https://api.congress.gov/v3/committee-meeting/113/house/102188?format=json,"[{'name': 'House Natural Resources', 'systemCode': 'hsii00', 'url': 'https://api.congress.gov/v3/committee/house/hsii00?format=json'}]",2014-04-30T14:00:00Z,"Full Committee Markup on H.R. 4315, H.R. 4316, H.R. 4317 and H.R. 4318",none
295,House,113,102187,2024-05-17T15:36:24Z,https://api.congress.gov/v3/committee-meeting/113/house/102187?format=json,"[{'systemCode': 'hsii10', 'url': 'https://api.congress.gov/v3/committee/house/hsii10?format=json'}]",2014-04-29T18:00:00Z,"Legislative Hearing:
H.R. 3687 (Issa), To amend the National Historic Preservation Act to provide that if the head of the agency managing Federal property objects to the inclusion of certain property on the National Register or its designation as a National Historic Landmark for reasons of national security, the Federal property shall be neither included nor designated until the objection is withdraw, and for other purposes. “Military LAND Act”
H.R. 4458 (McCarthy of California), To make permanent the withdrawal and reservation of public land previously withdrawn and reserved to support the operations of Naval Air Weapons Station China Lake, California, and to provide for the withdrawal and reservation of additional public land. “Naval Air Weapons Station China Lake Security Enhancement Act”",none
299,House,113,102173,2024-05-17T15:36:10Z,https://api.congress.gov/v3/committee-meeting/113/house/102173?format=json,"[{'name': 'House Energy and Commerce Subcommittee on Health', 'systemCode': 'hsif14', 'url': 'https://api.congress.gov/v3/committee/house/hsif14?format=json'}]",2014-05-01T14:00:00Z,Telehealth to Digital Medicine: How 21st Century Technology Can Benefit Patients,none
311,House,113,102151,2024-05-17T15:35:20Z,https://api.congress.gov/v3/committee-meeting/113/house/102151?format=json,"[{'name': 'House Natural Resources', 'systemCode': 'hsii00', 'url': 'https://api.congress.gov/v3/committee/house/hsii00?format=json'}]",2014-04-29T14:00:00Z,Oversight hearing on “American Energy Jobs: Opportunities for Skilled Trades Workers.”,none
315,House,113,102147,2024-05-17T15:35:13Z,https://api.congress.gov/v3/committee-meeting/113/house/102147?format=json,"[{'systemCode': 'hsii22', 'url': 'https://api.congress.gov/v3/committee/house/hsii22?format=json'}]",2014-04-29T18:00:00Z,"“the Department of the Interior Office of Insular Affairs’ spending and the President’s Fiscal Year 2015 budget request for the Office” and on the following bills: H.R. 4296 (Sablan), To amend Public Law 94–241 with respect to the Northern Mariana Islands; H.R. 4402 (Bordallo), To authorize the Secretary of the Navy to establish a surface danger zone over the Guam National Wildlife Refuge or any portion thereof to support the operation of a live-fire training range complex. “Guam Military Training and Readiness Act of 2014”",none
318,House,113,102134,2024-05-17T15:34:42Z,https://api.congress.gov/v3/committee-meeting/113/house/102134?format=json,"[{'name': 'House Energy and Commerce Subcommittee on Communications and Technology', 'systemCode': 'hsif16', 'url': 'https://api.congress.gov/v3/committee/house/hsif16?format=json'}]",2014-04-09T20:00:00Z,"H.R. 4342, the ""Domain Openness Through Continued Oversight Matters Act of 2014""",none
329,House,113,102111,2024-05-17T15:34:30Z,https://api.congress.gov/v3/committee-meeting/113/house/102111?format=json,"[{'name': 'House Natural Resources', 'systemCode': 'hsii00', 'url': 'https://api.congress.gov/v3/committee/house/hsii00?format=json'}]",2014-04-10T13:30:00Z,Oversight Hearing: “Tribal Forest Management: A Model for Promoting Healthy Forests and Rural Jobs.”,none
335,House,113,102104,2024-05-17T15:34:19Z,https://api.congress.gov/v3/committee-meeting/113/house/102104?format=json,"[{'name': 'House Energy and Commerce', 'systemCode': 'hsif00', 'url': 'https://api.congress.gov/v3/committee/house/hsif00?format=json'}]",2014-04-03T20:00:00Z,"Markup of H.R. 3548, Improving Trauma Care Act of 2013, as amended; H.R. 4080, Trauma Systems and Regionalization of Emergency Care Reauthorization Act, as amended; H.R. 1281, Newborn Screening Saves Lives Reauthorization Act of 2013; and, H.R. 1528, Veterinary Medicine Mobility Act of 2013, as amended",none
336,House,113,102103,2024-05-17T15:34:17Z,https://api.congress.gov/v3/committee-meeting/113/house/102103?format=json,"[{'name': 'House Energy and Commerce Subcommittee on Health', 'systemCode': 'hsif14', 'url': 'https://api.congress.gov/v3/committee/house/hsif14?format=json'}]",2014-04-08T14:15:00Z,Examining the Implementation of the Tobacco Control Act,none
360,House,113,102048,2024-05-17T15:33:38Z,https://api.congress.gov/v3/committee-meeting/113/house/102048?format=json,"[{'systemCode': 'hsii22', 'url': 'https://api.congress.gov/v3/committee/house/hsii22?format=json'}]",2014-04-03T18:00:00Z,"Legislative hearing on: H.R. 69 (Bordallo), To strengthen enforcement mechanisms to stop illegal, unreported, and unregulated fishing, to amend the Tuna Conventions Act of 1950 to implement the Antigua Convention, and for other purposes. “Illegal, Unreported, and Unregulated Fishing Enforcement Act of 2013”; H.R. 2646 (Herrera Beutler), To direct the Secretary of Commerce to issue a fishing capacity reduction loan to refinance the existing loan funding the Pacific Coast groundfish fishing capacity reduction program. “REFI Pacific Act”; H.R. ___ (DeFazio),  To prevent, deter, and eliminate illegal, unreported, and
unregulated fishing through port State measures. ‘‘Pirate Fishing Elimination Act’’",none
364,House,113,102044,2024-05-17T15:33:33Z,https://api.congress.gov/v3/committee-meeting/113/house/102044?format=json,"[{'name': 'House Energy and Commerce Subcommittee on Communications and Technology', 'systemCode': 'hsif16', 'url': 'https://api.congress.gov/v3/committee/house/hsif16?format=json'}]",2014-04-02T14:30:00Z,"Ensuring the Security, Stability, Resilience, and Freedom of the Global Internet",none
369,House,113,102027,2024-05-17T15:33:26Z,https://api.congress.gov/v3/committee-meeting/113/house/102027?format=json,"[{'systemCode': 'hsii22', 'url': 'https://api.congress.gov/v3/committee/house/hsii22?format=json'}]",2014-04-08T18:00:00Z,"Legislative Hearing on: H. R. 187, To correct the boundaries of the John H. Chafee Coastal Barrier Resources System Unit L06, Topsail, North Carolina; H. R. 277, To revise the boundaries of John H. Chafee Coastal Barrier Resources System Sachuest Point Unit RI-04P, Easton Beach Unit RI-05P, Almy Pond Unit RI-06, and Hazards Beach Unit RI-07 in Rhode Island; H. R. 1810, To revise the boundaries of John H. Chafee Coastal Barrier Resources System Gasparilla Island Unit in Florida; H. R. 1811, To remove from the John H. Chafee Coastal Barrier Resources System areas included in Florida System Unit P-16, and for other purposes; H. R. 2057, To remove from the John H. Chafee Coastal Barrier Resources System the areas comprising Bay County Unit P-31P in Florida; H. R. 3226, To remove from the John H. Chafee Coastal Barrier Resources System certain properties in South Carolina; H. R. 3227; To remove from the John H. Chafee Coastal Barrier Resources System certain properties in South Carolina; H. R. 3572, To revise the boundaries of certain John H. Chafee Coastal Barrier Resources System units in North Carolina; H. R. 4222, To correct the boundaries of John H. Chafee Coastal Barrier Resources System units in Florida, and for other purposes.",none
383,House,113,102003,2024-05-17T15:33:18Z,https://api.congress.gov/v3/committee-meeting/113/house/102003?format=json,"[{'name': 'House Natural Resources', 'systemCode': 'hsii00', 'url': 'https://api.congress.gov/v3/committee/house/hsii00?format=json'}]",2014-03-19T14:00:00Z,California Water Crisis and Its Impacts:  The Need for Immediate and Long-Term Solutions,none
385,House,113,102002,2024-05-17T15:33:17Z,https://api.congress.gov/v3/committee-meeting/113/house/102002?format=json,"[{'systemCode': 'hsii13', 'url': 'https://api.congress.gov/v3/committee/house/hsii13?format=json'}]",2014-03-25T18:00:00Z,"Examining the Proposed Fiscal Year 2015 Spending, Priorities and the Missions of the Bureau of Reclamation, the Four Power Marketing Administrations and the U.S. Geological Survey’s Water Program",none
400,House,113,101964,2024-05-17T15:32:49Z,https://api.congress.gov/v3/committee-meeting/113/house/101964?format=json,"[{'name': 'House Natural Resources', 'systemCode': 'hsii00', 'url': 'https://api.congress.gov/v3/committee/house/hsii00?format=json'}]",2014-04-03T14:00:00Z,Oversight Hearing: “Department of the Interior Spending and the President’s Fiscal Year 2015 Budget Proposal.”,none
402,House,113,101962,2024-05-17T15:32:48Z,https://api.congress.gov/v3/committee-meeting/113/house/101962?format=json,"[{'name': 'House Natural Resources Subcommittee on Energy and Mineral Resources', 'systemCode': 'hsii06', 'url': 'https://api.congress.gov/v3/committee/house/hsii06?format=json'}]",2014-04-08T18:00:00Z,Oversight hearing entitled “American Energy Jobs: Opportunities for Women and Minorities.”,none
426,House,113,101917,2024-05-17T15:32:32Z,https://api.congress.gov/v3/committee-meeting/113/house/101917?format=json,"[{'name': 'House Natural Resources', 'systemCode': 'hsii00', 'url': 'https://api.congress.gov/v3/committee/house/hsii00?format=json'}]",2014-03-13T14:30:00Z,"Full Committee Markup on H.R. 1192, H.R. 1501, H.R. 3222, and H.R. 4032",none
436,House,113,101894,2024-05-17T15:31:53Z,https://api.congress.gov/v3/committee-meeting/113/house/101894?format=json,"[{'systemCode': 'hsii10', 'url': 'https://api.congress.gov/v3/committee/house/hsii10?format=json'}]",2014-03-06T15:00:00Z,"Legislative Hearing: H.R. 414 (Young), To provide for the continued lease or eventual conveyance of certain Federal land within the boundaries of Fort Wainwright Military Reservation in Fairbanks, Alaska;  H.R 1839 (Tipton), To designate certain Federal land in the San Juan National Forest in the State of Colorado as wilderness, and for other purposes.  “Hermosa Creek Watershed Protection Act of 2013”; H.R. 2430 (Pascrell), To adjust the boundaries of Paterson Great Falls National Historical Park to include Hinchliffe Stadium, and for other purposes. “Hinchliffe Stadium Heritage Act of 2013”; H.R. 3606 (McClintock), To permit certain activities to be conducted on Federal land within the Emigrant Wilderness of Stanislaus National Forest in the State of California at the level at which such activities were conducted on such land before the wilderness designation, and for other purposes. “Emigrant Wilderness Historical Use Preservation Act of 2013”",none
441,House,113,101879,2024-05-17T15:31:42Z,https://api.congress.gov/v3/committee-meeting/113/house/101879?format=json,"[{'systemCode': 'hsii24', 'url': 'https://api.congress.gov/v3/committee/house/hsii24?format=json'}]",2014-03-14T15:00:00Z,Hearing on a Discussion Draft bill To authorize a demonstration program that allows for State-Federal-Tribal co-management of wildlife throughout the traditional hunting territory of the Ahtna people and for other purposes.  “The Alaska Native Subsistence Co-Management Demonstration Act of 2014”,none
464,House,113,101835,2024-05-17T15:31:06Z,https://api.congress.gov/v3/committee-meeting/113/house/101835?format=json,"[{'name': 'House Energy and Commerce Subcommittee on Communications and Technology', 'systemCode': 'hsif16', 'url': 'https://api.congress.gov/v3/committee/house/hsif16?format=json'}]",2014-03-12T14:30:00Z,Reauthorization of the Satellite Television Extension and Localism Act,none
465,House,113,101834,2024-05-17T15:31:05Z,https://api.congress.gov/v3/committee-meeting/113/house/101834?format=json,"[{'name': 'House Energy and Commerce Subcommittee on Health', 'systemCode': 'hsif14', 'url': 'https://api.congress.gov/v3/committee/house/hsif14?format=json'}]",2014-03-04T15:00:00Z,Keeping the Promise: How Better Managing Medicare Can Protect Seniors' Benefits and Save Them Money,none
468,House,113,101821,2024-05-17T15:30:52Z,https://api.congress.gov/v3/committee-meeting/113/house/101821?format=json,"[{'systemCode': 'hsii10', 'url': 'https://api.congress.gov/v3/committee/house/hsii10?format=json'}]",2014-02-26T15:00:00Z,"Legislative Hearing: H.R. 503 (Roe), To authorize the National Desert Storm Memorial Association to establish the National Desert Storm and Desert Shield Memorial as a commemorative work in the District of Columbia, and for other purposes. “National Desert Storm and Desert Shield War Memorial Act”; H.R. 712 (Frelinghuysen), To extend the authorization of the Highlands Conservation Act through fiscal year 2024; H.R. 1192 (McClintock), To redesignate Mammoth Peak in Yosemite National Park as ""Mount Jessie Benton Fre'mont""; H.R. 1501 (Jeffries), To direct the Secretary of the Interior to study the suitability and feasibility of designating the Prison Ship Martyrs' Monument in Fort Greene Park, in the New York City borough of Brooklyn, as a unit of the National Park System. “Prison Ship Martyrs' Monument Preservation Act”; H.R. 1744 (Horsford),  To provide for the implementation of the multispecies habitat conservation plan for the Virgin River, Nevada, and Lincoln County, Nevada, to extend the authority to purchase certain parcels of public land, and for other purposes. “Multispecies Habitat Conservation Plan Implementation Act”; H.R. 2569 (Welch), To amend the Wild and Scenic Rivers Act to designate segments of the Missisquoi River and the Trout River in the State of Vermont, as components of the National Wild and Scenic Rivers System. “Upper Missisquoi and Trout Wild and Scenic Rivers Act”; H.R. 3222 (Meng), To authorize the Secretary of the Interior to conduct a special resource study of sites associated with the 1657 signing of the Flushing Remonstrance in Queens, New York, and for other purposes. “Flushing Remonstrance Study Act”; H.R. 3366 (Walden), To provide for the release of the property interests retained by the United States in certain land conveyed in 1954 by the United States, acting through the Director of the Bureau of Land Management, to the State of Oregon for the establishment of the Hermiston Agricultural Research and Extension Center of Oregon State University in Hermiston, Oregon; H.R. 3802 (Lynch), To extend the legislative authority of the Adams Memorial Foundation to establish a commemorative work in honor of former President John Adams and his legacy, and for other purposes.",none
476,House,113,101813,2024-05-17T15:30:47Z,https://api.congress.gov/v3/committee-meeting/113/house/101813?format=json,"[{'name': 'House Natural Resources', 'systemCode': 'hsii00', 'url': 'https://api.congress.gov/v3/committee/house/hsii00?format=json'}]",2014-02-28T14:30:00Z,"Legislative Hearing on the discussion draft titled, H.R. ____, “Strengthening Fishing Communities and Increasing Flexibility in Fisheries Management Act”",none
487,House,113,101792,2024-05-17T15:30:33Z,https://api.congress.gov/v3/committee-meeting/113/house/101792?format=json,"[{'name': 'House Natural Resources Subcommittee on Energy and Mineral Resources', 'systemCode': 'hsii06', 'url': 'https://api.congress.gov/v3/committee/house/hsii06?format=json'}]",2014-02-27T19:00:00Z,Oversight hearing entitled “Obama Administration Oversight:  GAO Report – Interior Hiring and Retention Challenges.”,none
491,House,113,101777,2024-05-17T15:30:27Z,https://api.congress.gov/v3/committee-meeting/113/house/101777?format=json,"[{'systemCode': 'hsii22', 'url': 'https://api.congress.gov/v3/committee/house/hsii22?format=json'}]",2014-02-27T18:30:00Z,"Legislative Hearing on: H. R. 3105, Aquaculture Risk Reduction Act; H. R. 3280, Lacey Act Clarifying Amendments Act; H. R. 3324, The Lacey Act Paperwork Reduction Act and; H. R. 4032, North Texas Invasive Species Barrier Act.",none
515,House,113,101732,2024-05-17T15:29:40Z,https://api.congress.gov/v3/committee-meeting/113/house/101732?format=json,"[{'name': 'House Energy and Commerce Subcommittee on Health', 'systemCode': 'hsif14', 'url': 'https://api.congress.gov/v3/committee/house/hsif14?format=json'}]",2014-02-10T19:00:00Z,Examining Drug Shortages and Recent Efforts to Address Them,none
526,House,113,101711,2024-05-17T15:29:11Z,https://api.congress.gov/v3/committee-meeting/113/house/101711?format=json,"[{'name': 'House Energy and Commerce Subcommittee on Health', 'systemCode': 'hsif14', 'url': 'https://api.congress.gov/v3/committee/house/hsif14?format=json'}]",2014-02-05T15:00:00Z,Examining the Implementation of the Food Safety Modernization Act,none
530,House,113,101696,2024-05-17T15:29:05Z,https://api.congress.gov/v3/committee-meeting/113/house/101696?format=json,"[{'systemCode': 'hsii24', 'url': 'https://api.congress.gov/v3/committee/house/hsii24?format=json'}]",2014-02-05T19:00:00Z,"Legislative Hearing: H.R. 3110 (Young of AK), To allow for the harvest of gull eggs by the Huna Tlingit people within Glacier Bay National Park in the State of Alaska.  Huna Tlingit Traditional Gull Egg Use Act; H.R. 3605 (Lujan Grisham), To make a technical amendment to the T'uf Shur Bien Preservation Trust Area Act, and for other purposes.  Sandia Pueblo Settlement Technical Amendment Act.",none
532,House,113,101694,2024-05-17T15:28:59Z,https://api.congress.gov/v3/committee-meeting/113/house/101694?format=json,"[{'name': 'House Natural Resources', 'systemCode': 'hsii00', 'url': 'https://api.congress.gov/v3/committee/house/hsii00?format=json'}]",2014-01-28T15:00:00Z,"Full Committee Markup on H.R. 163, H.R. 433, H.R. 2095, H.R. 2259, H.R. 2657 and H.R. 3492",none
535,House,113,101692,2024-05-17T15:28:51Z,https://api.congress.gov/v3/committee-meeting/113/house/101692?format=json,"[{'name': 'House Energy and Commerce', 'systemCode': 'hsif00', 'url': 'https://api.congress.gov/v3/committee/house/hsif00?format=json'}]",2014-01-28T15:00:00Z,"H.R. 3826, the Electricity Security and Affordability Act; and H.R. 2126, the Better Buildings Act of 2013",none
536,House,113,101689,2024-05-17T15:28:48Z,https://api.congress.gov/v3/committee-meeting/113/house/101689?format=json,"[{'name': 'House Natural Resources', 'systemCode': 'hsii00', 'url': 'https://api.congress.gov/v3/committee/house/hsii00?format=json'}]",2014-01-16T15:00:00Z,Business Meeting to Authorize the Issuance of Subpoenas for the Production of Documents Relating to Matters Within the Committee's Jurisdiction,none
537,House,113,101688,2024-05-17T15:28:47Z,https://api.congress.gov/v3/committee-meeting/113/house/101688?format=json,"[{'name': 'House Natural Resources Subcommittee on Energy and Mineral Resources', 'systemCode': 'hsii06', 'url': 'https://api.congress.gov/v3/committee/house/hsii06?format=json'}]",2014-02-05T19:00:00Z,Oversight hearing on “Energy in America: BLM’s Red-Tape Run Around and its Impact on American Energy Production.”,none
543,House,113,101669,2024-05-17T15:28:40Z,https://api.congress.gov/v3/committee-meeting/113/house/101669?format=json,"[{'name': 'House Natural Resources', 'systemCode': 'hsii00', 'url': 'https://api.congress.gov/v3/committee/house/hsii00?format=json'}]",2014-01-14T15:00:00Z,"Oversight Hearing: “Oversight of the Obama Administration’s Questionable Application of Sequestration to the Secure Rural Schools Program and the Costs to States, Local Economies, and Rural School Children”",none
553,House,113,101648,2024-05-17T15:28:29Z,https://api.congress.gov/v3/committee-meeting/113/house/101648?format=json,"[{'name': 'House Energy and Commerce Subcommittee on Communications and Technology', 'systemCode': 'hsif16', 'url': 'https://api.congress.gov/v3/committee/house/hsif16?format=json'}]",2014-01-15T15:00:00Z,#CommActUpdate: Perspectives from Former FCC Chairmen,none
564,House,113,101627,2024-05-17T15:28:07Z,https://api.congress.gov/v3/committee-meeting/113/house/101627?format=json,"[{'name': 'House Energy and Commerce Subcommittee on Health', 'systemCode': 'hsif14', 'url': 'https://api.congress.gov/v3/committee/house/hsif14?format=json'}]",2014-01-09T15:00:00Z,The Extenders Policies: What Are They and How Should They Continue Under a Permanent SGR Repeal Landscape?,none
576,House,113,101602,2024-05-17T15:27:49Z,https://api.congress.gov/v3/committee-meeting/113/house/101602?format=json,"[{'name': 'House Natural Resources', 'systemCode': 'hsii00', 'url': 'https://api.congress.gov/v3/committee/house/hsii00?format=json'}]",2013-12-12T15:00:00Z,"ESA Decisions by Closed-Door Settlement:  Short-Changing Science, Transparency, Private Property, and State & Local Economies",none
583,House,113,101585,2024-05-17T15:27:29Z,https://api.congress.gov/v3/committee-meeting/113/house/101585?format=json,"[{'name': 'House Energy and Commerce Subcommittee on Communications and Technology', 'systemCode': 'hsif16', 'url': 'https://api.congress.gov/v3/committee/house/hsif16?format=json'}]",2013-12-12T15:00:00Z,Oversight of the Federal Communications Commission,none
587,House,113,101581,2024-05-17T15:27:16Z,https://api.congress.gov/v3/committee-meeting/113/house/101581?format=json,"[{'name': 'House Energy and Commerce Subcommittee on Health', 'systemCode': 'hsif14', 'url': 'https://api.congress.gov/v3/committee/house/hsif14?format=json'}]",2013-12-11T15:00:00Z,PPACA Implementation Failures: What's Next?,none
596,House,113,101561,2024-05-17T15:26:51Z,https://api.congress.gov/v3/committee-meeting/113/house/101561?format=json,"[{'name': 'House Natural Resources', 'systemCode': 'hsii00', 'url': 'https://api.congress.gov/v3/committee/house/hsii00?format=json'}]",2013-12-04T15:00:00Z,"H.R. 915, H.R. 1425, H.R. 1491, H.R. 2208, H.R. 2319, H.R. 3286, H.R. 3492, and S. 230",none
616,House,113,101518,2024-05-17T15:24:11Z,https://api.congress.gov/v3/committee-meeting/113/house/101518?format=json,"[{'systemCode': 'hsii10', 'url': 'https://api.congress.gov/v3/committee/house/hsii10?format=json'}]",2013-11-21T15:00:00Z,"Legislative Hearing: H.R. 3286 (Daines), the “Protecting States, Opening National Parks Act”; H.R. 3294 (Young), the “State-Run Federal Lands Act”; H.R. 3311 (Stewart), the “Providing Access and Retain Continuity (PARC) Act.”; and H.R. 915 (Kennedy), To authorize the Peace Corps Commemorative Foundation to establish a commemorative work in the District of Columbia and its environs, and for other purposes",none
620,House,113,101505,2024-05-17T15:24:04Z,https://api.congress.gov/v3/committee-meeting/113/house/101505?format=json,"[{'name': 'House Natural Resources', 'systemCode': 'hsii00', 'url': 'https://api.congress.gov/v3/committee/house/hsii00?format=json'}]",2013-11-20T15:00:00Z,"Oversight Hearing, ""Oversight of the Obama Administration’s Questionable Application of Sequestration to the Secure Rural Schools Program and the Costs to States, Local Economies, and Rural School Children.”",none
621,House,113,101502,2024-05-17T15:23:56Z,https://api.congress.gov/v3/committee-meeting/113/house/101502?format=json,"[{'name': 'House Natural Resources', 'systemCode': 'hsii00', 'url': 'https://api.congress.gov/v3/committee/house/hsii00?format=json'}]",2013-11-14T15:00:00Z,"H.R. 1308, H.R. 2798, H.R. 2824, H.R. 3008, H.R. 3188, H.R. 3189",none
627,House,113,101496,2024-05-17T15:23:35Z,https://api.congress.gov/v3/committee-meeting/113/house/101496?format=json,"[{'name': 'House Energy and Commerce Subcommittee on Oversight and Investigations', 'systemCode': 'hsif02', 'url': 'https://api.congress.gov/v3/committee/house/hsif02?format=json'}]",2013-11-19T15:15:00Z,Security of Healthcare.gov,none
629,House,113,101483,2024-05-17T15:23:31Z,https://api.congress.gov/v3/committee-meeting/113/house/101483?format=json,"[{'name': 'House Energy and Commerce Subcommittee on Oversight and Investigations', 'systemCode': 'hsif02', 'url': 'https://api.congress.gov/v3/committee/house/hsif02?format=json'}]",2013-11-14T19:00:00Z,The Impact of Patent Assertion Entities on Innovation and the Economy.,none
631,House,113,101481,2024-05-17T15:23:24Z,https://api.congress.gov/v3/committee-meeting/113/house/101481?format=json,"[{'name': 'House Energy and Commerce Subcommittee on Health', 'systemCode': 'hsif14', 'url': 'https://api.congress.gov/v3/committee/house/hsif14?format=json'}]",2013-11-14T15:00:00Z,Obamacare Implementation Problems: More than Just a Broken Website,none
644,House,113,101457,2024-05-17T15:23:03Z,https://api.congress.gov/v3/committee-meeting/113/house/101457?format=json,"[{'systemCode': 'hsii13', 'url': 'https://api.congress.gov/v3/committee/house/hsii13?format=json'}]",2013-10-29T18:00:00Z,A Roadmap for Increasing our Water and Hydropower Supplies:  The Need for New and Expanded Multi-Purpose Surface Storage Facilities,none
646,House,113,101455,2024-05-17T15:22:56Z,https://api.congress.gov/v3/committee-meeting/113/house/101455?format=json,"[{'name': 'House Natural Resources', 'systemCode': 'hsii00', 'url': 'https://api.congress.gov/v3/committee/house/hsii00?format=json'}]",2013-10-30T14:00:00Z,"H.R. 298, H.R. 585, H.R. 1308, H.R. 1846, H.R. 2798, H.R. 2799 and H.R. 2954",none
661,House,113,101418,2024-05-17T15:22:26Z,https://api.congress.gov/v3/committee-meeting/113/house/101418?format=json,"[{'name': 'House Energy and Commerce Subcommittee on Communications and Technology', 'systemCode': 'hsif16', 'url': 'https://api.congress.gov/v3/committee/house/hsif16?format=json'}]",2013-10-23T14:30:00Z,The Evolution of Wired Communications Networks,none
668,House,113,101411,2024-05-17T15:22:11Z,https://api.congress.gov/v3/committee-meeting/113/house/101411?format=json,"[{'systemCode': 'hsii13', 'url': 'https://api.congress.gov/v3/committee/house/hsii13?format=json'}]",2013-10-10T18:00:00Z,"Legislative hearing on H.R. 3176 (DeFazio), To reauthorize the Reclamation States Emergency Drought Relief Act of 1991; and H.R. 3189 (Tipton), To prohibit the conditioning of any permit, lease, or other use agreement on the transfer, relinquishment, or other impairment of any water right to the United States by the Secretaries of the Interior and Agriculture",none
682,House,113,101374,2024-05-17T15:21:33Z,https://api.congress.gov/v3/committee-meeting/113/house/101374?format=json,"[{'name': 'House Energy and Commerce Subcommittee on Health', 'systemCode': 'hsif14', 'url': 'https://api.congress.gov/v3/committee/house/hsif14?format=json'}]",2013-11-15T15:00:00Z,Reviewing FDA's Implementation of FDASIA,none
699,House,113,101332,2024-05-17T15:21:15Z,https://api.congress.gov/v3/committee-meeting/113/house/101332?format=json,"[{'systemCode': 'hsii22', 'url': 'https://api.congress.gov/v3/committee/house/hsii22?format=json'}]",2013-09-20T14:00:00Z,Oversight hearing on the Department of the Interior’s proposal to use a Categorical Exclusion under the National Environmental Policy Act (NEPA) for adding species to the Lacey Act’s list of injurious wildlife.,none
709,House,113,101312,2024-05-17T15:20:47Z,https://api.congress.gov/v3/committee-meeting/113/house/101312?format=json,"[{'systemCode': 'hsii24', 'url': 'https://api.congress.gov/v3/committee/house/hsii24?format=json'}]",2013-09-19T18:00:00Z,Oversight hearing titled “Executive Branch standards for land-in-trust decisions for gaming purposes.”,none
714,House,113,101307,2024-05-17T15:20:26Z,https://api.congress.gov/v3/committee-meeting/113/house/101307?format=json,"[{'name': 'House Natural Resources Subcommittee on Energy and Mineral Resources', 'systemCode': 'hsii06', 'url': 'https://api.congress.gov/v3/committee/house/hsii06?format=json'}]",2013-09-20T13:00:00Z,"Oversight hearing on ""Energy Independence:  Domestic Opportunities to Reverse California’s Growing Dependence on Foreign Oil.”",none
724,House,113,101284,2024-05-17T15:20:05Z,https://api.congress.gov/v3/committee-meeting/113/house/101284?format=json,"[{'name': 'House Energy and Commerce Subcommittee on Communications and Technology', 'systemCode': 'hsif16', 'url': 'https://api.congress.gov/v3/committee/house/hsif16?format=json'}]",2013-09-11T18:00:00Z,Innovation Versus Regulation in the Video Marketplace,none
734,House,113,101263,2024-05-17T15:19:56Z,https://api.congress.gov/v3/committee-meeting/113/house/101263?format=json,"[{'name': 'House Natural Resources', 'systemCode': 'hsii00', 'url': 'https://api.congress.gov/v3/committee/house/hsii00?format=json'}]",2013-09-04T17:30:00Z,"“State and Local Efforts to Protect Species, Jobs, Property, and Multiple Use Amidst a New War on the West”",none
735,House,113,101262,2024-05-17T15:19:55Z,https://api.congress.gov/v3/committee-meeting/113/house/101262?format=json,"[{'name': 'House Natural Resources', 'systemCode': 'hsii00', 'url': 'https://api.congress.gov/v3/committee/house/hsii00?format=json'}]",2013-09-04T13:00:00Z,"“State and Local Efforts to Protect Species, Jobs, Property, and Multiple Use Amidst a New War on the West”",none
742,House,113,101245,2024-05-17T15:18:41Z,https://api.congress.gov/v3/committee-meeting/113/house/101245?format=json,"[{'name': 'House Natural Resources Subcommittee on Energy and Mineral Resources', 'systemCode': 'hsii06', 'url': 'https://api.congress.gov/v3/committee/house/hsii06?format=json'}]",2013-08-02T13:00:00Z,"H.R. 2824 (Johnson of OH and Lamborn of CO), To amend the Surface Mining Control and Reclamation Act of 1977 to stop the ongoing waste by the Department of the Interior of taxpayer resources and implement the final rule on excess spoil, mining waste, and buffers for perennial and intermittent streams, and for other purposes.  “Preventing Government Waste and Protecting Coal Mining Jobs in America Act.”",none
743,House,113,101244,2024-05-17T15:18:23Z,https://api.congress.gov/v3/committee-meeting/113/house/101244?format=json,"[{'name': 'House Natural Resources', 'systemCode': 'hsii00', 'url': 'https://api.congress.gov/v3/committee/house/hsii00?format=json'}]",2013-07-31T14:30:00Z,"H.R. 255, H.R. 553, H.R. 623, H.R. 908, H.R. 930, H.R. 1168, H.R. 1170, H.R. 1526, H.R. 1684, H.R. 1818, H.R. 1963, H.R. 2388, H.R. 2463, H.R. 2650, and H.R. 2728",none
745,House,113,101243,2024-05-17T15:18:21Z,https://api.congress.gov/v3/committee-meeting/113/house/101243?format=json,"[{'systemCode': 'hsii22', 'url': 'https://api.congress.gov/v3/committee/house/hsii22?format=json'}]",2013-08-02T13:30:00Z,"Legislative hearing on the following bills: H.R. 2208 (Wittman), To extend the authorization of appropriations for allocation to carry out approved wetlands conservation projects under the North American Wetlands Conservation Act through fiscal year 2017. “North American Wetlands Conservation Extension Act of 2013”; H.R. 2798 (Latta), To amend Public Law 106-206 to direct the Secretary of the Interior and the Secretary of Agriculture to require annual permits and assess annual fees for commercial filming activities on Federal land for film crews of 5 persons or fewer; H. R. 2799 (Latta), To establish the Wildlife and Hunting Heritage Conservation Council Advisory Committee to advise the Secretaries of the Interior and Agriculture on wildlife and habitat conservation, hunting, recreational shooting, and for other purposes. “Sportsmen’s Heritage and Recreational Enhancement (SHARE) Act.”",none
747,House,113,101240,2024-05-17T15:18:11Z,https://api.congress.gov/v3/committee-meeting/113/house/101240?format=json,"[{'name': 'House Energy and Commerce', 'systemCode': 'hsif00', 'url': 'https://api.congress.gov/v3/committee/house/hsif00?format=json'}]",2013-07-30T20:00:00Z,"Markup of H.R. 2810, the Medicare Patient Access and Quality Improvement Act of 2013, and H.R. 2844, the Federal Communications Commission Consolidated Reporting Act of 2013",none
757,House,113,101220,2024-05-17T15:17:57Z,https://api.congress.gov/v3/committee-meeting/113/house/101220?format=json,"[{'name': 'House Natural Resources', 'systemCode': 'hsii00', 'url': 'https://api.congress.gov/v3/committee/house/hsii00?format=json'}]",2013-08-01T14:00:00Z,Transparency and Sound Science Gone Extinct?: The Impacts of the Obama Administration's Closed-Door Settlements on Endangered Species and People,none
762,House,113,101205,2024-05-17T15:17:38Z,https://api.congress.gov/v3/committee-meeting/113/house/101205?format=json,"[{'name': 'House Energy and Commerce Subcommittee on Health', 'systemCode': 'hsif14', 'url': 'https://api.congress.gov/v3/committee/house/hsif14?format=json'}]",2013-07-22T21:00:00Z,"Committee print to amend title XVIII of the Social Security Act to reform the sustainable growth rate and Medicare payment for physicians' services, and for other purposes",none
765,House,113,101202,2024-05-17T15:17:34Z,https://api.congress.gov/v3/committee-meeting/113/house/101202?format=json,"[{'name': 'House Natural Resources Subcommittee on Energy and Mineral Resources', 'systemCode': 'hsii06', 'url': 'https://api.congress.gov/v3/committee/house/hsii06?format=json'}]",2013-07-25T13:30:00Z,"Legislative hearing on HR _____  (Flores), A bill to recognize States’ authority to regulate oil and gas operations and promote American energy security, development, and job creation.  “Protecting States’ Rights to Promote American Energy Security Act.”",none
768,House,113,101189,2024-05-17T15:17:29Z,https://api.congress.gov/v3/committee-meeting/113/house/101189?format=json,"[{'systemCode': 'hsii10', 'url': 'https://api.congress.gov/v3/committee/house/hsii10?format=json'}]",2013-07-23T14:00:00Z,"Legislative Hearing. H.R. 163 (Benishek), To designate as wilderness certain land and inland water within the Sleeping Bear Dunes National Lakeshore in the State of Michigan, and for other purposes.  “Sleeping Bear Dunes National Lakeshore Conservation and Recreation Act”; H.R. 361 (Reichert), To expand the Alpine Lakes Wilderness in the State of Washington, to designate the Middle Fork Snoqualmie River and Pratt River as wild and scenic rivers, and for other purposes.  “Alpine Lakes Wilderness Additions and Pratt and Middle Fork Snoqualmie Rivers Protection Act”; H.R. 433 (Amodei), To designate the Pine Forest Range Wilderness area in Humboldt County, Nevada.  “Pine Forest Range Recreation Enhancement Act of 2013”; H.R. 706 (Cicilline), To establish the Blackstone River Valley National Historical Park, to dedicate the Park to John H. Chafee, and for other purposes.  “Blackstone River Valley National Historical Park Establishment Act”; H.R. 908 (DelBene), To preserve the Green Mountain Lookout in the Glacier Peak Wilderness of the Mount Baker-Snoqualmie National Forest.  “Green Mountain Lookout Heritage Protection Act”; H.R. 930 (Schock), To authorize the Secretary of the Interior to conduct a special resource study of the archeological site and surrounding land of the New Philadelphia town site in the State of Illinois, and for other purposes.  “New Philadelphia, Illinois, Study Act”; H.R. 1025 (Thompson, CA), To designate the Berryessa Snow Mountain National Conservation Area in the State of California, and for other purposes.  “Berryessa Snow Mountain National Conservation Area Act”; H.R. 1808 (Michaud), To designate certain Federal lands within the Cross Island National Wildlife Refuge and the Petit Manan National Wildlife Refuge, part of the Maine Coastal Islands National Wildlife Refuge Complex, in Lincoln County, Hancock County, and Washington County, Maine, as wilderness.  “Maine Coastal Islands Wilderness Act of 2013”",none
769,House,113,101188,2024-05-17T15:17:28Z,https://api.congress.gov/v3/committee-meeting/113/house/101188?format=json,"[{'systemCode': 'hsii10', 'url': 'https://api.congress.gov/v3/committee/house/hsii10?format=json'}]",2013-07-19T13:00:00Z,"Legislative Hearing. H.R. 587 (Young), To authorize the establishment of the Niblack and Bokan Mountain mining area road corridors in the State of Alaska, and for other purposes.  “Niblack and Bokan Mountain Mining Area Roads Authorization Act”; H.R. 1168 (Amodei), To direct the Secretary of the Interior, acting through the Bureau of Land Management, to convey to the City of Carlin, Nevada, in exchange for consideration, all right, title, and interest of the United States, to any Federal land within that city that is under the jurisdiction of that agency, and for other purposes; H.R. 1170 (Amodei), To direct the Secretary of the Interior, acting through the Bureau of Land Management and the Bureau of Reclamation, to convey, by quitclaim deed, to the City of Fernley, Nevada, all right, title, and interest of the United States, to any Federal land within that city that is under the jurisdiction of either of those agencies; H.R. 1684 (Lummis), To convey certain property to the State of Wyoming to consolidate the historic Ranch A, and for other purposes.  “Ranch A Consolidation and Management Improvement Act”; H.R. 2068 (Lummis), To reauthorize the Federal Land Transaction Facilitation Act, and for other purposes. “Federal Land Transaction Facilitation Act Reauthorization of 2013”; H.R. 2095 (Bishop), To prohibit an increase in the lands administered by the Bureau of Land Management until a centralized database of all lands identified as suitable for disposal by Resource Management Plans for lands under the administrative jurisdiction of the Bureau is easily accessible to the public on a website of the Bureau. “Land Disposal Transparency and Efficiency Act”; H.R. 2337 (Polis), To provide for the conveyance of the Forest Service Lake Hill Administrative Site in Summit County, Colorado.  “Lake Hill Administrative Site Affordable Housing Act”; H.R. 2395 (Hastings), To provide for donor contribution acknowledgments to be displayed at projects authorized under the Commemorative Works Act, and for other purposes; S. 130 (Enzi), A bill to require the Secretary of the Interior to convey certain Federal land to the Powell Recreation District in the State of Wyoming.  “Powell Shooting Range Land Conveyance Act”; S. 304 (Cochran), A bill to direct the Secretary of the Interior to convey to the State of Mississippi 2 parcels of surplus land within the boundary of the Natchez Trace Parkway, and for other purposes. “Natchez Trace Parkway Land Conveyance Act of 2013”; S. 459 (Johnson), A bill to modify the boundary of the Minuteman Missile National Historic Site in the State of South Dakota, and for other purposes. “Minuteman Missile National Historic Site Boundary Modification Act”",none
780,House,113,101167,2024-05-17T15:14:50Z,https://api.congress.gov/v3/committee-meeting/113/house/101167?format=json,"[{'systemCode': 'hsii13', 'url': 'https://api.congress.gov/v3/committee/house/hsii13?format=json'}]",2013-07-17T18:00:00Z,"A Washington, DC-Based Bureaucratic Invention with Potential Water Conservation and Property Rights Impacts: The National Blueways Order",none
783,House,113,101164,2024-05-17T15:14:32Z,https://api.congress.gov/v3/committee-meeting/113/house/101164?format=json,"[{'name': 'House Energy and Commerce', 'systemCode': 'hsif00', 'url': 'https://api.congress.gov/v3/committee/house/hsif00?format=json'}]",2013-07-16T20:30:00Z,"Full Committee Markup of H.R. 1582, Energy Consumers Relief Act of 2013l; H.R. 1900, Natural Gas Pipeline Permitting Reform Act; H.R. 83, a bill to require the Secretary of the Interior to develop an action plan to address the energy needs of the insular areas of the United States and the Freely Associated States; H.R. 2094, School Access to Emergency Epinephrine Act; H.R. 698, HIV Organ Policy Equity Act; and H.R. 2052, Global Investment in American Jobs Act of 2013",none
798,House,113,101129,2024-05-17T15:13:57Z,https://api.congress.gov/v3/committee-meeting/113/house/101129?format=json,"[{'name': 'House Energy and Commerce', 'systemCode': 'hsif00', 'url': 'https://api.congress.gov/v3/committee/house/hsif00?format=json'}]",2013-02-05T15:30:00Z,Fighting for Internet Freedom: Dubai and Beyond,none
810,House,113,101107,2024-05-17T15:13:08Z,https://api.congress.gov/v3/committee-meeting/113/house/101107?format=json,"[{'name': 'House Energy and Commerce Subcommittee on Communications and Technology', 'systemCode': 'hsif16', 'url': 'https://api.congress.gov/v3/committee/house/hsif16?format=json'}]",2013-07-11T14:30:00Z,Improving FCC Process,none
833,House,113,101061,2024-05-17T15:12:08Z,https://api.congress.gov/v3/committee-meeting/113/house/101061?format=json,"[{'systemCode': 'hsii10', 'url': 'https://api.congress.gov/v3/committee/house/hsii10?format=json'}]",2013-06-27T18:00:00Z,"Oversight Hearing on “Outdoor Recreation Opportunities on State, Local and Federal Lands”",none
835,House,113,101059,2024-05-17T15:11:59Z,https://api.congress.gov/v3/committee-meeting/113/house/101059?format=json,"[{'name': 'House Energy and Commerce Subcommittee on Communications and Technology', 'systemCode': 'hsif16', 'url': 'https://api.congress.gov/v3/committee/house/hsif16?format=json'}]",2013-06-27T14:30:00Z,Equipping Carriers and Agencies in the Wireless Era,none
841,House,113,101043,2024-05-17T15:11:42Z,https://api.congress.gov/v3/committee-meeting/113/house/101043?format=json,"[{'name': 'House Energy and Commerce Subcommittee on Health', 'systemCode': 'hsif14', 'url': 'https://api.congress.gov/v3/committee/house/hsif14?format=json'}]",2013-06-26T14:00:00Z,A 21st Century Medicare: Bipartisan Proposals to Redesign the Program's Outdated Benefit Structure,none
843,House,113,101041,2024-05-17T15:11:40Z,https://api.congress.gov/v3/committee-meeting/113/house/101041?format=json,"[{'name': 'House Natural Resources', 'systemCode': 'hsii00', 'url': 'https://api.congress.gov/v3/committee/house/hsii00?format=json'}]",2013-06-27T14:00:00Z,Oversight Hearing on: “the Management of Red Snapper in the Gulf of Mexico under the Magnuson-Stevens Fishery Conservation and Management Act.”,none
848,House,113,101026,2024-05-17T15:11:17Z,https://api.congress.gov/v3/committee-meeting/113/house/101026?format=json,"[{'name': 'House Energy and Commerce', 'systemCode': 'hsif00', 'url': 'https://api.congress.gov/v3/committee/house/hsif00?format=json'}]",2013-06-18T20:00:00Z,"Markup of H.R. 2318, the ""Federal Facility Accountability Act of 2013,"" H.R. 2218, the ""Coal Residuals Reuse and Management Act of 2013,"" H.R. 2226, the ""Federal and State Partnership for Environmental Protection Act of 2013,"" H.R. 2279, the ""Reducing Excessive Deadline Obligations Act of 2013.""",none
853,House,113,101021,2024-05-17T15:10:49Z,https://api.congress.gov/v3/committee-meeting/113/house/101021?format=json,"[{'systemCode': 'hsii24', 'url': 'https://api.congress.gov/v3/committee/house/hsii24?format=json'}]",2013-06-18T15:00:00Z,Oversight hearing titled “Update from tribal leaders and tribal telecommunications providers on the implementation of the Federal Communications Commission’s rule on the Universal Service Fund.”,"[{'name': 'Mr. Steven Merriam', 'organization': 'Arctic Slope Telephone Association Cooperative, Inc.', 'position': 'CEO'}, {'name': 'Mr. Albert Hee', 'organization': 'Sandwich Isles Communications, Inc.', 'position': 'President'}, {'name': 'Ms. Julie Kitka', 'organization': 'Alaska Federation of Natives', 'position': 'President'}, {'name': 'Mr. Alfred LaPaz', 'organization': 'Mescalero Apache Tribe', 'position': 'Acting President'}]"
869,House,113,100984,2024-05-17T15:10:05Z,https://api.congress.gov/v3/committee-meeting/113/house/100984?format=json,"[{'name': 'House Energy and Commerce Subcommittee on Health', 'systemCode': 'hsif14', 'url': 'https://api.congress.gov/v3/committee/house/hsif14?format=json'}]",2013-06-14T13:30:00Z,Examining the Federal Government's Response to the Prescription Drug Abuse Crisis,none
878,House,113,100965,2024-05-17T15:09:43Z,https://api.congress.gov/v3/committee-meeting/113/house/100965?format=json,"[{'name': 'House Natural Resources Subcommittee on Energy and Mineral Resources', 'systemCode': 'hsii06', 'url': 'https://api.congress.gov/v3/committee/house/hsii06?format=json'}]",2013-06-13T14:00:00Z,Oversight hearing on “Mining in America: The Administration’s Use of Claim Maintenance Fees and Cleanup of Abandoned Mine Lands.”,none
883,House,113,100960,2024-05-17T15:09:36Z,https://api.congress.gov/v3/committee-meeting/113/house/100960?format=json,"[{'name': 'House Energy and Commerce Subcommittee on Communications and Technology', 'systemCode': 'hsif16', 'url': 'https://api.congress.gov/v3/committee/house/hsif16?format=json'}]",2013-06-12T14:30:00Z,"The Satellite Television Law: Repeal, Reauthorize, or Revise?",none
885,House,113,100959,2024-05-17T15:09:32Z,https://api.congress.gov/v3/committee-meeting/113/house/100959?format=json,"[{'name': 'House Energy and Commerce Subcommittee on Health', 'systemCode': 'hsif14', 'url': 'https://api.congress.gov/v3/committee/house/hsif14?format=json'}]",2013-06-12T14:00:00Z,The Need for Medicaid Reform: A State Perspective,none
886,House,113,100957,2024-05-17T15:09:29Z,https://api.congress.gov/v3/committee-meeting/113/house/100957?format=json,"[{'systemCode': 'hsii22', 'url': 'https://api.congress.gov/v3/committee/house/hsii22?format=json'}]",2013-06-13T14:00:00Z,"Legislative hearing on the following bills: H.R. 553 (Issa), A bill to designate the exclusive economic zone of the United States as the ""Ronald Wilson Reagan Exclusive Economic Zone of the United States""; H.R. 1308 (Hastings of WA),Endangered Salmon and Fisheries Predation Prevention Act; H.R. 1399 (Young of AK), Hydrographic Services Improvement Amendments Act of 2013; H.R. 1425 (Bonamici), Marine Debris Emergency Act of 2013; H.R. 1491 (Bonamici), A bill to authorize the Administrator of the National Oceanic and Atmospheric Administration to provide certain funds to eligible entities for activities undertaken to address the marine debris impacts of the March 2011 Tohoku earthquake and subsequent tsunami; H.R. 2219 (Young of AK), A bill to reauthorize the Integrated Coastal and Ocean Observation System Act of 2009.",none
887,House,113,100956,2024-05-17T15:09:28Z,https://api.congress.gov/v3/committee-meeting/113/house/100956?format=json,"[{'name': 'House Natural Resources', 'systemCode': 'hsii00', 'url': 'https://api.congress.gov/v3/committee/house/hsii00?format=json'}]",2013-06-04T14:00:00Z,"Defining Species Conservation Success: Tribal, State and Local Stewardship vs. Federal Courtroom Battles and Sue-and-Settle Practices",none
901,House,113,100922,2024-05-17T15:09:03Z,https://api.congress.gov/v3/committee-meeting/113/house/100922?format=json,"[{'systemCode': 'hsii10', 'url': 'https://api.congress.gov/v3/committee/house/hsii10?format=json'}]",2013-05-16T14:00:00Z,"Oversight Hearing ""Invasive Species Management on Federal Lands""",none
916,House,113,100898,2024-05-17T15:08:19Z,https://api.congress.gov/v3/committee-meeting/113/house/100898?format=json,"[{'systemCode': 'hsii13', 'url': 'https://api.congress.gov/v3/committee/house/hsii13?format=json'}]",2013-05-23T14:00:00Z,"Legislative Hearing on H.R. 255, H.R. 745, H.R. 1963",none
919,House,113,100883,2024-05-17T15:08:11Z,https://api.congress.gov/v3/committee-meeting/113/house/100883?format=json,"[{'name': 'House Energy and Commerce', 'systemCode': 'hsif00', 'url': 'https://api.congress.gov/v3/committee/house/hsif00?format=json'}]",2013-05-21T14:00:00Z,Cyber Threats and Security Solutions,none
925,House,113,100876,2024-05-17T15:08:05Z,https://api.congress.gov/v3/committee-meeting/113/house/100876?format=json,"[{'name': 'House Energy and Commerce Subcommittee on Communications and Technology', 'systemCode': 'hsif16', 'url': 'https://api.congress.gov/v3/committee/house/hsif16?format=json'}]",2013-05-21T18:00:00Z,Cybersecurity: An Examination of the Communications Supply Chain,none
929,House,113,100863,2024-05-17T15:07:56Z,https://api.congress.gov/v3/committee-meeting/113/house/100863?format=json,"[{'systemCode': 'hsii22', 'url': 'https://api.congress.gov/v3/committee/house/hsii22?format=json'}]",2013-05-21T14:30:00Z,Oversight hearing on data collection issues in relation to the reauthorization of the Magnuson-Stevens Fishery Conservation and Management Act.,none
935,House,113,100856,2024-05-17T15:07:41Z,https://api.congress.gov/v3/committee-meeting/113/house/100856?format=json,"[{'name': 'House Energy and Commerce', 'systemCode': 'hsif00', 'url': 'https://api.congress.gov/v3/committee/house/hsif00?format=json'}]",2013-05-14T20:00:00Z,"H.R. 271, Resolving Environmental and Grid Reliability Conflicts Act of 2013; H.R. 1407, Animal Drug User Fee Amendments of 2013; H.R. 1919, Safeguarding America's Pharmaceuticals Act of 2013",none
942,House,113,100839,2024-05-17T15:07:08Z,https://api.congress.gov/v3/committee-meeting/113/house/100839?format=json,"[{'systemCode': 'hsii24', 'url': 'https://api.congress.gov/v3/committee/house/hsii24?format=json'}]",2013-05-16T18:00:00Z,"Legislative Hearing on:
• HR 623 (Young of AK), To provide for the conveyance of certain property located in Anchorage, Alaska, from the United States to the Alaska Native Tribal Health Consortium. “Alaska Native Tribal Health Consortium Land Transfer Act”
• HR 740 (Young of AK), To provide for the settlement of certain claims under the Alaska Native Claims Settlement Act, and for other purposes. “Southeast Alaska Native Land Entitlement Finalization and Jobs Protection Act”
• HR 841 (Schrader), To amend the Grand Ronde Reservation Act to make technical corrections, and for other purposes. 
• HR 931 (Schrader), To provide for the addition of certain real property to the reservation of the Siletz Tribe in the State of Oregon.
• HR 1306 (Young of AK), To provide for the partial settlement of certain claims under the Alaska Native Claims Settlement Act. “Southeast Alaska Native Land Conveyance Act”
• HR 1410 (Franks), To prohibit gaming activities on certain Indian lands in Arizona until the expiration of certain gaming compacts. “Keep the Promise Act of 2013”","[{'name': 'Mr. Michael Black', 'organization': 'U.S. Department of the Interior', 'position': 'Director, Bureau of Indian Affairs'}, {'name': 'Mr. Robert McSwain', 'organization': 'Department of Health and Human Services', 'position': 'Deputy Director for  Management Operations'}, {'name': 'Mr. Jim Pena', 'organization': 'U.S. Forest Service, Department of Agriculture', 'position': 'Associate Deputy Chief, National Forest System'}, {'name': 'Mr. Andy Teuber', 'organization': 'Alaska Native Tribal Health Consortium', 'position': 'Board Chair and President'}, {'name': 'Mr. Reyn Leno', 'organization': 'The Confederated Tribes of Grand Ronde', 'position': 'Tribal Council Chair'}, {'name': 'Ms. Delores Pigsley', 'organization': 'Confederated Tribes of Siletz Indians of Oregon', 'position': 'Tribal Chairman'}, {'name': 'Mr. Byron Mallott', 'organization': 'Sealaska Corporation', 'position': 'Member, Board of Directors'}, {'name': 'Ms. Diane Enos', 'organization': 'Salt River Pima-Maricopa Indian Community', 'position': 'President'}, {'name': 'Mr. Ned Norris', 'organization': ""Tohono O'odham Nation"", 'position': 'Chairman'}, {'name': 'Mr. Jimmie Rosenbruch'}]"
957,House,113,100813,2024-05-17T15:06:16Z,https://api.congress.gov/v3/committee-meeting/113/house/100813?format=json,"[{'systemCode': 'hsii10', 'url': 'https://api.congress.gov/v3/committee/house/hsii10?format=json'}]",2013-05-09T14:00:00Z,"Legislative Hearing on H.R. __ (Benishek), To direct Federal public land management officials to exercise their authority under existing law to facilitate use of and access to Federal public lands for fishing, sport hunting, and recreational shooting, and for other purposes; H.R. 586 (Young), the ""Denali National Park Improvement Act""; H.R. 995 (Pearce), the ""Organ Mountains National Monument Establishment Act""; and H.R. 1411 (Huffman), the “California Coastal National Monument Expansion Act of 2013.”",none
961,House,113,100798,2024-05-17T15:06:09Z,https://api.congress.gov/v3/committee-meeting/113/house/100798?format=json,"[{'systemCode': 'hsii10', 'url': 'https://api.congress.gov/v3/committee/house/hsii10?format=json'}]",2013-05-07T18:00:00Z,"Oversight Hearing on ""Impediments to Public Recreation on Public Lands""",none
967,House,113,100792,2024-05-17T15:05:52Z,https://api.congress.gov/v3/committee-meeting/113/house/100792?format=json,"[{'name': 'House Natural Resources', 'systemCode': 'hsii00', 'url': 'https://api.congress.gov/v3/committee/house/hsii00?format=json'}]",2013-05-08T14:00:00Z,"Oversight hearing titled “DOI Hydraulic Fracturing Rule: A Recipe for Government Waste, Duplication and Delay.”",none
968,House,113,100778,2024-05-17T15:05:34Z,https://api.congress.gov/v3/committee-meeting/113/house/100778?format=json,"[{'name': 'House Natural Resources', 'systemCode': 'hsii00', 'url': 'https://api.congress.gov/v3/committee/house/hsii00?format=json'}]",2013-04-24T14:00:00Z,"Full Committee Markup on H.R. 3, H.R. 85, H.R. 126, H.R. 251, H.R. 253, H.R. 330, H.R. 356, H.R. 462, H.R. 520, H.R. 573, H.R. 674, H.R. 723, H.R. 739, H.R. 767, H.R. 829, H.R. 862, H.R. 876, H.R. 885, H.R. 934, H.R. 993, H.R. 1156, H.R. 1157, H.R. 1158, H.R. 1206, H.R. 1208, H.R. 1241, and H.R. 1377",none
975,House,113,100770,2024-05-17T15:05:21Z,https://api.congress.gov/v3/committee-meeting/113/house/100770?format=json,"[{'systemCode': 'hsii10', 'url': 'https://api.congress.gov/v3/committee/house/hsii10?format=json'}]",2013-04-26T14:00:00Z,"Legislative Hearing on H.R. 1169 (Amodei), ""Naval Air Station Fallon Housing and Safety Development Act”; H.R. 1299 (Pearce), the “White Sands Missile Range Security Enhancement Act”; H.R. 1574 (Turner), To amend the Dayton Aviation Heritage Preservation Act of 1992 to rename a site of the park; H.R. 1673 (McCarthy), the ‘‘Naval Air Weapons Station China Lake Security Enhancement Act’’; H.R. 1676 (Cook), the ‘‘Johnson Valley National Off-Highway Vehicle Recreation Area Establishment Act’’; H.R. 1672 (Daines), the ‘‘Limestone Hills Training Area Withdrawal Act’’; and H.R. 1691 (Vargas), the ‘‘Chocolate Mountain Aerial Gunnery Range Security Enhancement Act’’",none
981,House,113,100755,2024-05-17T15:05:04Z,https://api.congress.gov/v3/committee-meeting/113/house/100755?format=json,"[{'name': 'House Natural Resources Subcommittee on Energy and Mineral Resources', 'systemCode': 'hsii06', 'url': 'https://api.congress.gov/v3/committee/house/hsii06?format=json'}]",2013-04-25T14:00:00Z,"Oversight hearing on “U.S.-Mexico Transboundary Hydrocarbon Agreement and Steps Needed for Implementation” and a legislative hearing on HR 1613 (Duncan of SC, Hastings of WA and Salmon), ‘‘Outer Continental Shelf Transboundary Hydrocarbon Agreements Authorization Act’’.",none
995,House,113,100730,2024-05-17T15:04:47Z,https://api.congress.gov/v3/committee-meeting/113/house/100730?format=json,"[{'systemCode': 'hsii22', 'url': 'https://api.congress.gov/v3/committee/house/hsii22?format=json'}]",2013-04-25T17:00:00Z,"Legislative Hearing on H.R. 638 (Fleming), To amend the National Wildlife Refuge System Administration Act of 1966 to require that any new national wildlife refuge may not be established except as expressly authorized by statute. “National Wildlife Refuge Review Act of 2013”; H.R. 1300 (Runyan), To amend the Fish and Wildlife Act of 1956 to reauthorize the volunteer programs and community partnerships for the benefit of national wildlife refuges, and for other purposes; H. R. 1384 (Sablan), To provide for the issuance of a Wildlife Refuge System Conservation Semipostal Stamp. “Wildlife Refuge System Conservation Semipostal Stamp Act of 2013.”",none
